order_date,store_id,product_id,category,region,season,inventory_level,units_sold,units_ordered,demand_forecast,inventory_turnover,demand_supply_gap,estimated_revenue,estimated_margin,inventory_status,promotion_effectiveness
2022-01-01,S001,P0001,Groceries,North,Autumn,231,127,55,135.47,0.5498,-95.53,3403.6000000000004,-367.02999999999975,Overstock,"No Promotion"
2022-01-01,S001,P0002,Toys,South,Autumn,204,150,66,144.04,0.7353,-59.96000000000001,7561.200000000001,-2362.7999999999993,Overstock,"No Promotion"
2022-01-01,S001,P0003,Toys,West,Summer,102,65,51,74.02,0.6373,-27.980000000000004,1637.415,-398.385,"Healthy Stock","Low Promotion Impact"
2022-01-01,S001,P0004,Toys,North,Autumn,469,61,164,62.18,0.1301,-406.82,1796.328,-322.81200000000035,Overstock,"Low Promotion Impact"
2022-01-01,S001,P0005,Electronics,East,Summer,166,14,135,9.26,0.0843,-156.74,1030.96,65.65999999999997,"Healthy Stock","No Promotion"
2022-01-01,S001,P0006,Groceries,South,Winter,138,128,102,139.82,0.9275,1.8199999999999932,8850.816,-1305.9839999999986,"Healthy Stock","Low Promotion Impact"
2022-01-01,S001,P0007,Furniture,East,Winter,359,97,167,108.92,0.2702,-250.07999999999998,2982.1679999999997,-563.1820000000002,Overstock,"Low Promotion Impact"
2022-01-01,S001,P0008,Clothing,North,Spring,380,312,54,329.73,0.8211,-50.26999999999998,29044.235999999997,-2183.8440000000046,Overstock,"No Promotion"
2022-01-01,S001,P0009,Electronics,West,Autumn,183,175,135,174.15,0.9563,-8.849999999999994,3266.5499999999997,176.04999999999973,"Healthy Stock","No Promotion"
2022-01-01,S001,P0010,Toys,South,Winter,108,28,196,24.47,0.2593,-83.53,1679.72,-34.16000000000008,"Healthy Stock","High Promotion Impact"
2022-01-01,S001,P0011,Furniture,South,Spring,258,150,153,152.74,0.5814,-105.25999999999999,7901.55,-1311.4499999999998,Overstock,"Low Promotion Impact"
2022-01-01,S001,P0012,Clothing,West,Spring,66,24,70,26.75,0.3636,-39.25,1118.4,-374.6399999999999,"Healthy Stock","No Promotion"
2022-01-01,S001,P0013,Toys,South,Spring,96,42,85,41.46,0.4375,-54.54,1831.2,-113.81999999999994,"Healthy Stock","No Promotion"
2022-01-01,S001,P0014,Clothing,West,Spring,193,12,187,6.8,0.0622,-186.2,937.3199999999999,-23.40000000000009,"Healthy Stock","No Promotion"
2022-01-01,S001,P0015,Clothing,North,Winter,379,369,154,363.46,0.9736,-15.54000000000002,29166.313499999997,-6183.8865000000005,Overstock,"No Promotion"
2022-01-01,S001,P0016,Electronics,North,Autumn,363,255,69,255.74,0.7025,-107.25999999999999,5305.275,136.42500000000018,Overstock,"Low Promotion Impact"
2022-01-01,S001,P0017,Toys,West,Winter,318,246,177,255.37,0.7736,-62.629999999999995,4146.576,90.03600000000051,Overstock,"No Promotion"
2022-01-01,S001,P0018,Clothing,South,Autumn,241,151,47,147.27,0.6266,-93.72999999999999,2807.3165,-685.3134999999997,Overstock,"No Promotion"
2022-01-01,S001,P0019,Clothing,East,Winter,352,257,186,267.38,0.7301,-84.62,16949.664,-2906.155999999999,Overstock,"No Promotion"
2022-01-01,S001,P0020,Toys,East,Spring,274,99,166,115.23,0.3613,-158.76999999999998,2844.0719999999997,161.17199999999957,Overstock,"No Promotion"
2022-01-01,S002,P0001,Groceries,South,Spring,343,104,144,112.55,0.3032,-230.45,2728.96,-472.15999999999985,Overstock,"Low Promotion Impact"
2022-01-01,S002,P0002,Clothing,West,Winter,373,141,151,135.62,0.3780,-237.38,5857.704,-516.906,Overstock,"High Promotion Impact"
2022-01-01,S002,P0003,Furniture,East,Spring,445,182,119,176.31,0.4090,-268.69,2978.9760000000006,-1025.0239999999994,Overstock,"High Promotion Impact"
2022-01-01,S002,P0004,Toys,West,Autumn,191,63,115,54.57,0.3298,-136.43,1649.97,-117.80999999999995,"Healthy Stock","No Promotion"
2022-01-01,S002,P0005,Toys,West,Autumn,281,156,25,150.9,0.5552,-130.1,10394.592000000002,-2185.247999999998,Overstock,"No Promotion"
2022-01-01,S002,P0006,Furniture,North,Winter,492,250,168,242.57,0.5081,-249.43,17118,-4587,Overstock,"No Promotion"
2022-01-01,S002,P0007,Groceries,West,Summer,460,393,70,401.48,0.8543,-58.51999999999998,34023.3855,-2655.3045000000056,Overstock,"No Promotion"
2022-01-01,S002,P0008,Electronics,West,Summer,304,29,99,35.54,0.0954,-268.46,1553.472,-341.9680000000001,Overstock,"No Promotion"
2022-01-01,S002,P0009,Clothing,South,Winter,113,9,84,14.78,0.0796,-98.22,695.0295,-43.51049999999998,"Healthy Stock","Low Promotion Impact"
2022-01-01,S002,P0010,Electronics,North,Winter,157,126,181,132.75,0.8025,-24.25,7665.84,-551.8799999999992,"Healthy Stock","Low Promotion Impact"
2022-01-01,S002,P0011,Groceries,West,Autumn,67,13,33,7.44,0.1940,-59.56,450.05999999999995,8.319999999999993,"Healthy Stock","High Promotion Impact"
2022-01-01,S002,P0012,Groceries,East,Winter,281,25,136,37.27,0.0890,-243.73,464.5499999999999,-10.70000000000016,Overstock,"Low Promotion Impact"
2022-01-01,S002,P0013,Clothing,East,Spring,389,283,177,299.7,0.7275,-89.30000000000001,13081.392,-3474.108,Overstock,"No Promotion"
2022-01-01,S002,P0014,Electronics,East,Summer,465,359,77,370.36,0.7720,-94.63999999999999,26215.615999999998,-6399.534,Overstock,"No Promotion"
2022-01-01,S002,P0015,Toys,South,Winter,197,129,94,148.55,0.6548,-48.44999999999999,6568.034999999999,-556.6350000000002,"Healthy Stock","Low Promotion Impact"
2022-01-01,S002,P0016,Toys,South,Spring,242,63,85,58.07,0.2603,-183.93,2300.7599999999998,-355.9500000000003,Overstock,"High Promotion Impact"
2022-01-01,S002,P0017,Groceries,West,Winter,398,373,92,390.89,0.9372,-7.110000000000014,3494.264,-235.73599999999988,Overstock,"Low Promotion Impact"
2022-01-01,S002,P0018,Groceries,North,Summer,234,160,140,177.41,0.6838,-56.59,8943.68,241.28000000000065,Overstock,"No Promotion"
2022-01-01,S002,P0019,Toys,East,Winter,67,15,186,34.38,0.2239,-32.62,1211.1074999999998,-4.192500000000109,"Healthy Stock","Low Promotion Impact"
2022-01-01,S002,P0020,Toys,West,Spring,221,101,38,115,0.4570,-106,8797.099999999999,-450.46000000000095,Overstock,"Low Promotion Impact"
2022-01-01,S003,P0001,Toys,South,Summer,241,147,180,161.09,0.6100,-79.91,9385.876499999998,-520.4535000000014,Overstock,"Low Promotion Impact"
2022-01-01,S003,P0002,Electronics,West,Spring,115,4,169,11.11,0.0348,-103.89,101.52,-1,"Healthy Stock","Low Promotion Impact"
2022-01-01,S003,P0003,Groceries,South,Spring,375,77,145,75.04,0.2053,-299.96,3891.888,-509.4319999999998,Overstock,"High Promotion Impact"
2022-01-01,S003,P0004,Toys,South,Winter,153,31,145,42.99,0.2026,-110.00999999999999,2220.344,-681.2559999999999,"Healthy Stock","Low Promotion Impact"
2022-01-01,S003,P0005,Clothing,West,Winter,438,325,20,330.92,0.7420,-107.07999999999998,25467,-4933.500000000004,Overstock,"No Promotion"
2022-01-01,S003,P0006,Groceries,North,Summer,456,163,22,159.17,0.3575,-296.83000000000004,11825.8945,190.95450000000164,Overstock,"High Promotion Impact"
2022-01-01,S003,P0007,Electronics,North,Summer,189,34,107,26.91,0.1799,-162.09,2514.011,-562.989,"Healthy Stock","High Promotion Impact"
2022-01-01,S003,P0008,Toys,North,Spring,223,47,107,45.48,0.2108,-177.52,2657.8734999999997,-653.7465000000002,Overstock,"High Promotion Impact"
2022-01-01,S003,P0009,Groceries,South,Winter,381,15,184,30.05,0.0394,-350.95,954.465,-154.485,Overstock,"Low Promotion Impact"
2022-01-01,S003,P0010,Groceries,South,Summer,166,126,124,141.34,0.7590,-24.659999999999997,11621.672999999999,-449.1270000000004,"Healthy Stock","Low Promotion Impact"
2022-01-01,S003,P0011,Toys,East,Winter,292,232,155,242.02,0.7945,-49.97999999999999,13036.08,-385.1200000000008,Overstock,"Low Promotion Impact"
2022-01-01,S003,P0012,Electronics,North,Summer,311,175,55,176.75,0.5627,-134.25,12653.2,-3012.7999999999993,Overstock,"No Promotion"
2022-01-01,S003,P0013,Furniture,North,Summer,51,17,172,12.86,0.3333,-38.14,1006.1280000000002,-296.922,"Healthy Stock","High Promotion Impact"
2022-01-01,S003,P0014,Electronics,South,Spring,398,369,26,387.88,0.9271,-10.120000000000005,27703.9665,-2742.2235000000037,Overstock,"No Promotion"
2022-01-01,S003,P0015,Clothing,West,Autumn,445,260,24,266.36,0.5843,-178.64,6846.839999999999,794.039999999999,Overstock,"No Promotion"
2022-01-01,S003,P0016,Groceries,South,Winter,487,347,93,349.36,0.7125,-137.64,28958.191,-5596.069000000003,Overstock,"No Promotion"
2022-01-01,S003,P0017,Clothing,East,Spring,429,150,168,157.82,0.3497,-271.18,3861.75,-248.25,Overstock,"Low Promotion Impact"
2022-01-01,S003,P0018,Toys,West,Winter,204,70,170,83.01,0.3431,-120.99,5776.259999999999,-865.3400000000001,Overstock,"Low Promotion Impact"
2022-01-01,S003,P0019,Clothing,East,Summer,330,249,37,268.25,0.7545,-61.75,5653.1714999999995,-524.5185000000001,Overstock,"Low Promotion Impact"
2022-01-01,S003,P0020,Electronics,North,Spring,431,370,99,387.57,0.8585,-43.43000000000001,28371.600000000002,-7037.399999999998,Overstock,"Low Promotion Impact"
2022-01-01,S004,P0001,Toys,South,Winter,477,271,66,286.65,0.5681,-190.35000000000002,3598.0669999999996,-762.3230000000008,Overstock,"No Promotion"
2022-01-01,S004,P0002,Clothing,North,Autumn,462,180,183,176.06,0.3896,-285.94,7033.2300000000005,-1075.7699999999986,Overstock,"No Promotion"
2022-01-01,S004,P0003,Clothing,West,Autumn,446,344,27,352.93,0.7713,-93.07,24580.864,-7411.135999999999,Overstock,"No Promotion"
2022-01-01,S004,P0004,Groceries,West,Spring,437,0,160,-2.4,0.0000,-439.4,0,0,Overstock,"No Promotion"
2022-01-01,S004,P0005,Groceries,North,Spring,397,200,172,196.57,0.5038,-200.43,16344,-700,Overstock,"High Promotion Impact"
2022-01-01,S004,P0006,Electronics,East,Summer,470,382,195,396.4,0.8128,-73.60000000000002,14216.130000000001,-1010.3899999999994,Overstock,"No Promotion"
2022-01-01,S004,P0007,Electronics,West,Summer,264,190,139,197.45,0.7197,-66.55000000000001,10223.520000000002,-2084.6799999999985,Overstock,"No Promotion"
2022-01-01,S004,P0008,Furniture,South,Winter,250,51,137,54.98,0.2040,-195.02,3503.9040000000005,-889.2359999999999,Overstock,"Low Promotion Impact"
2022-01-01,S004,P0009,Furniture,North,Summer,63,40,73,51.78,0.6349,-11.219999999999999,2132.2799999999997,-311.72000000000025,"Healthy Stock","Low Promotion Impact"
2022-01-01,S004,P0010,Groceries,East,Summer,447,104,96,115.03,0.2327,-331.97,2959.6319999999996,-903.9680000000003,Overstock,"No Promotion"
2022-01-01,S004,P0011,Electronics,West,Spring,205,46,27,46.65,0.2244,-158.35,2522.6400000000003,-134.3199999999997,Overstock,"Low Promotion Impact"
2022-01-01,S004,P0012,Electronics,North,Spring,349,9,165,0.95,0.0258,-348.05,121.83749999999999,-45.2025,Overstock,"High Promotion Impact"
2022-01-01,S004,P0013,Furniture,East,Autumn,191,56,65,54.47,0.2932,-136.53,3461.36,-118.15999999999985,"Healthy Stock","No Promotion"
2022-01-01,S004,P0014,Electronics,West,Winter,406,63,139,69.73,0.1552,-336.27,3795.4980000000005,-518.1119999999992,Overstock,"Low Promotion Impact"
2022-01-01,S004,P0015,Clothing,South,Autumn,228,181,127,171.96,0.7939,-56.03999999999999,10409.853,-1404.0169999999998,Overstock,"No Promotion"
2022-01-01,S004,P0016,Groceries,South,Summer,263,94,24,98.05,0.3574,-164.95,7531.374,-1562.1859999999997,Overstock,"No Promotion"
2022-01-01,S004,P0017,Electronics,South,Winter,203,46,75,55.12,0.2266,-147.88,1175.3,-115.92000000000007,Overstock,"No Promotion"
2022-01-01,S004,P0018,Groceries,West,Spring,143,8,27,27.3,0.0559,-115.7,127.148,-23.171999999999997,"Healthy Stock","Low Promotion Impact"
2022-01-01,S004,P0019,Groceries,West,Spring,359,172,125,181.25,0.4791,-177.75,10409.439999999999,-2292.76,Overstock,"Low Promotion Impact"
2022-01-01,S004,P0020,Clothing,West,Winter,211,68,37,86.27,0.3223,-124.73,625.6,-4.079999999999927,Overstock,"No Promotion"
2022-01-01,S005,P0001,Toys,West,Winter,111,77,60,83.47,0.6937,-27.53,4873.869,-538.4610000000011,"Healthy Stock","No Promotion"
2022-01-01,S005,P0002,Clothing,West,Autumn,415,298,107,292.96,0.7181,-122.04000000000002,16179.164999999999,-1912.4150000000027,Overstock,"High Promotion Impact"
2022-01-01,S005,P0003,Electronics,North,Spring,384,64,26,76.02,0.1667,-307.98,2199.136,-420.384,Overstock,"No Promotion"
2022-01-01,S005,P0004,Furniture,West,Spring,436,300,174,292.04,0.6881,-143.95999999999998,12946.35,-3463.6499999999996,Overstock,"High Promotion Impact"
2022-01-01,S005,P0005,Clothing,West,Winter,180,21,47,38.63,0.1167,-141.37,1657.551,-364.749,"Healthy Stock","Low Promotion Impact"
2022-01-01,S005,P0006,Groceries,North,Summer,185,176,163,174.06,0.9514,-10.939999999999998,8555.008,-2207.392,"Healthy Stock","No Promotion"
2022-01-01,S005,P0007,Clothing,South,Summer,292,131,140,122.6,0.4486,-169.4,5174.434499999999,-1485.6055000000015,Overstock,"No Promotion"
2022-01-01,S005,P0008,Toys,West,Winter,478,317,197,328.64,0.6632,-149.36,10263.192,613.7119999999995,Overstock,"Low Promotion Impact"
2022-01-01,S005,P0009,Groceries,West,Spring,182,97,27,92.62,0.5330,-89.38,8091.691499999999,-196.95850000000064,"Healthy Stock","No Promotion"
2022-01-01,S005,P0010,Clothing,East,Summer,87,8,141,14.38,0.0920,-72.62,266.688,-28.27199999999999,"Healthy Stock","Low Promotion Impact"
2022-01-01,S005,P0011,Groceries,West,Summer,427,104,128,94.65,0.2436,-332.35,5065.632,-449.4880000000003,Overstock,"High Promotion Impact"
2022-01-01,S005,P0012,Electronics,West,Summer,245,87,188,90.59,0.3551,-154.41,5001.978,-525.1319999999996,Overstock,"No Promotion"
2022-01-01,S005,P0013,Furniture,South,Summer,317,238,95,256.57,0.7508,-60.43000000000001,18580.898,-2146.522000000001,Overstock,"No Promotion"
2022-01-01,S005,P0014,Electronics,South,Autumn,325,171,43,188.55,0.5262,-136.45,5830.416,-1353.2939999999999,Overstock,"Low Promotion Impact"
2022-01-01,S005,P0015,Furniture,West,Spring,411,250,119,260.79,0.6083,-150.20999999999998,2596.5,-221,Overstock,"No Promotion"
2022-01-01,S005,P0016,Clothing,South,Winter,71,11,32,1.85,0.1549,-69.15,170.335,-27.444999999999993,"Healthy Stock","No Promotion"
2022-01-01,S005,P0017,Electronics,East,Spring,388,371,98,390.04,0.9562,2.0400000000000205,31002.0585,-6995.7615000000005,Overstock,"Low Promotion Impact"
2022-01-01,S005,P0018,Furniture,West,Spring,161,107,66,103.97,0.6646,-57.03,4714.848,-638.3620000000001,"Healthy Stock","High Promotion Impact"
2022-01-01,S005,P0019,Groceries,South,Spring,235,106,124,119.33,0.4511,-115.67,8883.753999999999,-779.2060000000001,Overstock,"No Promotion"
2022-01-01,S005,P0020,Electronics,South,Autumn,108,101,52,105.92,0.9352,-2.0799999999999983,1003.536,80.39599999999984,"Healthy Stock","Low Promotion Impact"
2022-01-02,S001,P0001,Groceries,West,Spring,116,81,104,92.94,0.6983,-23.060000000000002,2037.5549999999998,-464.5350000000003,"Healthy Stock","No Promotion"
2022-01-02,S001,P0002,Clothing,West,Spring,416,163,79,171.6,0.3918,-244.4,2740.5190000000002,-317.3609999999999,Overstock,"No Promotion"
2022-01-02,S001,P0003,Clothing,South,Summer,488,464,163,463.12,0.9508,-24.879999999999995,29645.424000000003,-4194.096000000001,Overstock,"No Promotion"
2022-01-02,S001,P0004,Groceries,East,Summer,248,116,107,133.92,0.4677,-114.08000000000001,5461.512,-391.84799999999996,Overstock,"No Promotion"
2022-01-02,S001,P0005,Electronics,East,Summer,238,200,40,204.3,0.8403,-33.69999999999999,4039.2,201.19999999999936,Overstock,"Low Promotion Impact"
2022-01-02,S001,P0006,Furniture,East,Summer,471,58,32,51.57,0.1231,-419.43,2758.48,42.92000000000007,Overstock,"High Promotion Impact"
2022-01-02,S001,P0007,Electronics,North,Autumn,178,56,149,60.3,0.3146,-117.7,909.7200000000001,-42.27999999999986,"Healthy Stock","Low Promotion Impact"
2022-01-02,S001,P0008,Clothing,East,Autumn,92,74,121,67.04,0.8043,-24.959999999999994,4139.967,-415.47300000000087,"Healthy Stock","No Promotion"
2022-01-02,S001,P0009,Toys,South,Spring,99,54,182,70.6,0.5455,-28.400000000000006,4309.6320000000005,-853.3079999999991,"Healthy Stock","No Promotion"
2022-01-02,S001,P0010,Clothing,North,Summer,171,39,163,47.8,0.2281,-123.2,423.852,-71.83800000000008,"Healthy Stock","No Promotion"
2022-01-02,S001,P0011,Furniture,East,Spring,215,12,173,16.92,0.0558,-198.07999999999998,646.08,0.6000000000000227,Overstock,"Low Promotion Impact"
2022-01-02,S001,P0012,Furniture,East,Summer,281,56,187,70.71,0.1993,-210.29000000000002,3077.0879999999997,-338.3520000000003,Overstock,"Low Promotion Impact"
2022-01-02,S001,P0013,Toys,North,Autumn,455,31,124,44.46,0.0681,-410.54,935.6885,-27.171500000000037,Overstock,"Low Promotion Impact"
2022-01-02,S001,P0014,Electronics,West,Spring,84,25,20,23.36,0.2976,-60.64,785.25,70.25,"Healthy Stock","High Promotion Impact"
2022-01-02,S001,P0015,Electronics,East,Winter,246,198,67,203.23,0.8049,-42.77000000000001,4444.704000000001,-1552.7159999999994,Overstock,"Low Promotion Impact"
2022-01-02,S001,P0016,Electronics,West,Summer,399,77,147,67.55,0.1930,-331.45,2334.6015,-592.9385000000002,Overstock,"No Promotion"
2022-01-02,S001,P0017,Furniture,West,Autumn,242,165,105,181.86,0.6818,-60.139999999999986,4417.214999999999,-120.28500000000076,Overstock,"No Promotion"
2022-01-02,S001,P0018,Toys,North,Summer,478,42,168,55.16,0.0879,-422.84000000000003,2969.3579999999997,43.21799999999985,Overstock,"No Promotion"
2022-01-02,S001,P0019,Furniture,South,Spring,156,8,67,24.41,0.0513,-131.59,698.8199999999999,-0.6200000000001182,"Healthy Stock","Low Promotion Impact"
2022-01-02,S001,P0020,Electronics,North,Autumn,221,174,168,187.49,0.7873,-33.50999999999999,17031.12,-281.880000000001,Overstock,"No Promotion"
2022-01-02,S002,P0001,Electronics,West,Summer,402,343,141,339.04,0.8532,-62.95999999999998,18266.808,-3657.7520000000004,Overstock,"High Promotion Impact"
2022-01-02,S002,P0002,Furniture,West,Winter,132,71,60,82.44,0.5379,-49.56,6094.782,-63.047999999999774,"Healthy Stock","No Promotion"
2022-01-02,S002,P0003,Groceries,West,Autumn,218,157,31,153.42,0.7202,-64.58000000000001,13757.595999999998,-304.89400000000205,Overstock,"High Promotion Impact"
2022-01-02,S002,P0004,Groceries,South,Spring,131,88,109,100.61,0.6718,-30.39,6046.48,-55.44000000000051,"Healthy Stock","No Promotion"
2022-01-02,S002,P0005,Groceries,North,Spring,93,64,128,57.53,0.6882,-35.47,5302.976,-494.78400000000056,"Healthy Stock","High Promotion Impact"
2022-01-02,S002,P0006,Groceries,East,Autumn,344,273,154,273.1,0.7936,-70.89999999999998,21670.739999999998,573.2999999999993,Overstock,"No Promotion"
2022-01-02,S002,P0007,Groceries,North,Summer,340,247,148,264.18,0.7265,-75.82,3655.2295000000004,303.4395000000004,Overstock,"No Promotion"
2022-01-02,S002,P0008,Electronics,North,Spring,241,42,187,46.32,0.1743,-194.68,528.36,-57.120000000000005,Overstock,"Low Promotion Impact"
2022-01-02,S002,P0009,Electronics,North,Spring,296,197,157,195.61,0.6655,-100.38999999999999,6008.5,323.0799999999999,Overstock,"No Promotion"
2022-01-02,S002,P0010,Groceries,West,Spring,472,374,65,387.41,0.7924,-84.58999999999997,8850.336,-3117.6640000000007,Overstock,"Low Promotion Impact"
2022-01-02,S002,P0011,Furniture,East,Winter,308,154,22,169.13,0.5000,-138.87,13647.480000000001,357.2800000000025,Overstock,"No Promotion"
2022-01-02,S002,P0012,Toys,North,Autumn,434,236,30,239.09,0.5438,-194.91,15547.68,-4071,Overstock,"No Promotion"
2022-01-02,S002,P0013,Toys,North,Summer,287,278,92,279.91,0.9686,-7.089999999999975,23161.014,-3830.006000000001,Overstock,"Low Promotion Impact"
2022-01-02,S002,P0014,Furniture,West,Autumn,190,27,134,31.53,0.1421,-158.47,2420.8469999999998,5.156999999999698,"Healthy Stock","No Promotion"
2022-01-02,S002,P0015,Toys,North,Winter,353,106,191,110.49,0.3003,-242.51,7482.54,-496.0799999999999,Overstock,"Low Promotion Impact"
2022-01-02,S002,P0016,Toys,West,Autumn,210,154,70,166.83,0.7333,-43.16999999999999,8749.818000000001,-1603.601999999999,Overstock,"No Promotion"
2022-01-02,S002,P0017,Clothing,West,Autumn,193,176,38,174.49,0.9119,-18.50999999999999,7697.888,411.4880000000003,"Healthy Stock","High Promotion Impact"
2022-01-02,S002,P0018,Groceries,East,Autumn,124,124,46,116.05,1.0000,-7.950000000000003,2351.412,-340.62800000000016,"Healthy Stock","No Promotion"
2022-01-02,S002,P0019,Toys,East,Winter,492,479,132,469.74,0.9736,-22.25999999999999,37893.69,-455.04999999999563,Overstock,"No Promotion"
2022-01-02,S002,P0020,Clothing,South,Summer,222,78,42,76.55,0.3514,-145.45,5069.219999999999,-31.980000000001382,Overstock,"High Promotion Impact"
2022-01-02,S003,P0001,Toys,West,Autumn,277,114,40,132.41,0.4116,-144.59,7539.048000000002,-731.6519999999973,Overstock,"No Promotion"
2022-01-02,S003,P0002,Groceries,East,Autumn,175,2,140,-3.4,0.0114,-178.4,175,-7.400000000000006,"Healthy Stock","No Promotion"
2022-01-02,S003,P0003,Toys,East,Autumn,157,7,187,22.8,0.0446,-134.2,496.608,-115.05199999999996,"Healthy Stock","Low Promotion Impact"
2022-01-02,S003,P0004,Furniture,West,Autumn,120,54,154,49.64,0.4500,-70.36,3557.9519999999998,-1077.9479999999999,"Healthy Stock","No Promotion"
2022-01-02,S003,P0005,Furniture,East,Winter,375,282,61,297.42,0.7520,-77.57999999999998,10330.224,17.48400000000038,Overstock,"No Promotion"
2022-01-02,S003,P0006,Groceries,East,Winter,302,93,33,106.58,0.3079,-195.42000000000002,9089.82,4.649999999999636,Overstock,"No Promotion"
2022-01-02,S003,P0007,Electronics,West,Autumn,375,85,40,85.31,0.2267,-289.69,2722.38,-398.8199999999997,Overstock,"No Promotion"
2022-01-02,S003,P0008,Clothing,South,Spring,248,136,50,130.52,0.5484,-117.47999999999999,4655.076,-443.5640000000003,Overstock,"No Promotion"
2022-01-02,S003,P0009,Electronics,West,Spring,219,140,196,139.46,0.6393,-79.53999999999999,12455.8,-358.40000000000146,Overstock,"High Promotion Impact"
2022-01-02,S003,P0010,Furniture,West,Spring,146,79,155,94.23,0.5411,-51.769999999999996,1171.728,-520.452,"Healthy Stock","Low Promotion Impact"
2022-01-02,S003,P0011,Furniture,South,Autumn,218,106,111,117.65,0.4862,-100.35,5568.498,-590.1020000000008,Overstock,"Low Promotion Impact"
2022-01-02,S003,P0012,Groceries,West,Winter,260,1,142,1.99,0.0038,-258.01,26.467,-5.313000000000002,Overstock,"Low Promotion Impact"
2022-01-02,S003,P0013,Electronics,West,Autumn,414,203,53,206.35,0.4903,-207.65,7548.148999999999,382.2489999999998,Overstock,"Low Promotion Impact"
2022-01-02,S003,P0014,Toys,North,Spring,420,368,71,384.47,0.8762,-35.52999999999997,24475.68,-1593.4400000000023,Overstock,"No Promotion"
2022-01-02,S003,P0015,Electronics,East,Winter,435,286,159,283.25,0.6575,-151.75,20511.920000000002,-3795.2199999999975,Overstock,"No Promotion"
2022-01-02,S003,P0016,Clothing,South,Spring,230,69,173,70.77,0.3000,-159.23000000000002,4785.84,-1496.6099999999997,Overstock,"No Promotion"
2022-01-02,S003,P0017,Toys,South,Summer,456,52,78,65.67,0.1140,-390.33,1235.1040000000003,-78.9359999999997,Overstock,"No Promotion"
2022-01-02,S003,P0018,Toys,East,Winter,319,109,83,126.67,0.3417,-192.32999999999998,8527.833,-474.47699999999895,Overstock,"Low Promotion Impact"
2022-01-02,S003,P0019,Furniture,North,Spring,59,50,135,44.37,0.8475,-14.630000000000003,2669.85,-79.15000000000009,"Healthy Stock","No Promotion"
2022-01-02,S003,P0020,Electronics,East,Summer,155,0,92,9.42,0.0000,-145.58,0,0,"Healthy Stock","Low Promotion Impact"
2022-01-02,S004,P0001,Electronics,North,Autumn,144,22,45,39.12,0.1528,-104.88,1386.792,-147.48800000000006,"Healthy Stock","No Promotion"
2022-01-02,S004,P0002,Electronics,East,Spring,283,45,156,46.65,0.1590,-236.35,2672.1,-135.9000000000001,Overstock,"Low Promotion Impact"
2022-01-02,S004,P0003,Clothing,East,Spring,347,89,122,87.77,0.2565,-259.23,4288.0199999999995,-129.9400000000005,Overstock,"High Promotion Impact"
2022-01-02,S004,P0004,Groceries,East,Autumn,410,209,128,224.66,0.5098,-185.34,15842.2,-2988.699999999997,Overstock,"No Promotion"
2022-01-02,S004,P0005,Toys,West,Autumn,99,4,76,14.91,0.0404,-84.09,231.382,-6.298000000000002,"Healthy Stock","No Promotion"
2022-01-02,S004,P0006,Toys,East,Autumn,97,47,138,52.02,0.4845,-44.98,656.8014999999999,-135.14850000000013,"Healthy Stock","No Promotion"
2022-01-02,S004,P0007,Furniture,West,Spring,339,115,95,124.22,0.3392,-214.78,3424.8150000000005,141.5650000000005,Overstock,"No Promotion"
2022-01-02,S004,P0008,Toys,South,Summer,144,27,119,21.73,0.1875,-122.27,2266.3125,-506.5875000000001,"Healthy Stock","No Promotion"
2022-01-02,S004,P0009,Furniture,South,Autumn,110,90,28,103.6,0.8182,-6.400000000000006,892.8000000000001,122.39999999999998,"Healthy Stock","No Promotion"
2022-01-02,S004,P0010,Groceries,South,Autumn,348,206,67,214.99,0.5920,-133.01,16110.951000000001,-1977.9089999999997,Overstock,"Low Promotion Impact"
2022-01-02,S004,P0011,Toys,East,Spring,458,328,144,339.54,0.7162,-118.45999999999998,24172.288,-4485.072,Overstock,"Low Promotion Impact"
2022-01-02,S004,P0012,Groceries,South,Spring,403,155,24,145.99,0.3846,-257.01,4636.36,-1363.6900000000005,Overstock,"No Promotion"
2022-01-02,S004,P0013,Clothing,West,Spring,198,184,161,191.55,0.9293,-6.449999999999989,14133.96,-731.4000000000015,"Healthy Stock","Low Promotion Impact"
2022-01-02,S004,P0014,Electronics,East,Autumn,472,16,166,28.75,0.0339,-443.25,1322.24,68.6400000000001,Overstock,"No Promotion"
2022-01-02,S004,P0015,Toys,North,Summer,178,90,79,98.56,0.5056,-79.44,7467.39,-1268.909999999999,"Healthy Stock","Low Promotion Impact"
2022-01-02,S004,P0016,Clothing,West,Spring,215,178,111,180.76,0.8279,-34.24000000000001,10930.98,16.019999999998618,Overstock,"No Promotion"
2022-01-02,S004,P0017,Electronics,South,Spring,477,256,150,254.89,0.5367,-222.11,19757.056,-4140.543999999998,Overstock,"No Promotion"
2022-01-02,S004,P0018,Furniture,South,Spring,198,27,62,25.51,0.1364,-172.49,2411.91,-8.099999999999909,"Healthy Stock","No Promotion"
2022-01-02,S004,P0019,Groceries,North,Spring,110,67,83,79.41,0.6091,-30.590000000000003,3188.664,-667.1859999999997,"Healthy Stock","Low Promotion Impact"
2022-01-02,S004,P0020,Electronics,North,Autumn,254,84,112,77.15,0.3307,-176.85,5215.7699999999995,-1046.4300000000003,Overstock,"High Promotion Impact"
2022-01-02,S005,P0001,Groceries,East,Winter,223,67,53,74.8,0.3004,-148.2,4295.7384999999995,-75.34150000000045,Overstock,"No Promotion"
2022-01-02,S005,P0002,Furniture,West,Autumn,100,15,114,28.97,0.1500,-71.03,891.6750000000001,-85.72499999999991,"Healthy Stock","Low Promotion Impact"
2022-01-02,S005,P0003,Toys,West,Winter,397,333,35,336.02,0.8388,-60.98000000000002,21546.432,-6748.577999999998,Overstock,"Low Promotion Impact"
2022-01-02,S005,P0004,Groceries,North,Spring,442,56,38,54.08,0.1267,-387.92,3049.2000000000003,-584.0799999999995,Overstock,"High Promotion Impact"
2022-01-02,S005,P0005,Furniture,West,Autumn,411,165,194,172.41,0.4015,-238.59,9467.039999999999,-2936.010000000002,Overstock,"No Promotion"
2022-01-02,S005,P0006,Clothing,North,Summer,76,54,175,49.32,0.7105,-26.68,3176.7389999999996,-666.4410000000007,"Healthy Stock","High Promotion Impact"
2022-01-02,S005,P0007,Clothing,East,Winter,257,93,148,84.69,0.3619,-172.31,5259.336,-1378.0740000000005,Overstock,"No Promotion"
2022-01-02,S005,P0008,Furniture,East,Summer,353,250,57,254.75,0.7082,-98.25,13502.25,-1760.25,Overstock,"No Promotion"
2022-01-02,S005,P0009,Electronics,West,Winter,119,90,76,99.63,0.7563,-19.370000000000005,6324.48,-307.6199999999999,"Healthy Stock","No Promotion"
2022-01-02,S005,P0010,Furniture,West,Spring,403,83,77,84.32,0.2060,-318.68,3218.8230000000003,-683.837,Overstock,"Low Promotion Impact"
2022-01-02,S005,P0011,Electronics,East,Winter,60,16,149,23.98,0.2667,-36.019999999999996,390.184,-54.29599999999999,"Healthy Stock","Low Promotion Impact"
2022-01-02,S005,P0012,Toys,West,Spring,182,87,121,83.13,0.4780,-98.87,2685.8640000000005,-260.8259999999991,"Healthy Stock","No Promotion"
2022-01-02,S005,P0013,Furniture,East,Spring,455,241,136,235.03,0.5297,-219.97,13276.8105,-74.58950000000004,Overstock,"No Promotion"
2022-01-02,S005,P0014,Toys,South,Winter,437,286,116,282.52,0.6545,-154.48000000000002,3351.9200000000005,-400.3999999999992,Overstock,"High Promotion Impact"
2022-01-02,S005,P0015,Clothing,West,Autumn,289,60,83,52.77,0.2076,-236.23,3795.6,134.39999999999964,Overstock,"High Promotion Impact"
2022-01-02,S005,P0016,Groceries,East,Autumn,487,437,106,432.86,0.8973,-54.139999999999986,16210.078,-889.7320000000018,Overstock,"High Promotion Impact"
2022-01-02,S005,P0017,Toys,North,Summer,418,377,76,383.26,0.9019,-34.74000000000001,25590.76,-6186.570000000003,Overstock,"Low Promotion Impact"
2022-01-02,S005,P0018,Clothing,West,Spring,89,83,113,78.67,0.9326,-10.329999999999998,3319.3774999999996,-655.4925000000003,"Healthy Stock","High Promotion Impact"
2022-01-02,S005,P0019,Clothing,West,Spring,421,203,152,220.23,0.4822,-200.77,12477.192000000001,-2922.387999999999,Overstock,"No Promotion"
2022-01-02,S005,P0020,Clothing,South,Spring,211,183,189,190.11,0.8673,-20.889999999999986,15473.565000000002,-2623.3049999999967,Overstock,"Low Promotion Impact"
2022-01-03,S001,P0001,Electronics,West,Winter,154,5,189,5.36,0.0325,-148.64,250.8,-40.30000000000001,"Healthy Stock","No Promotion"
2022-01-03,S001,P0002,Clothing,East,Spring,282,199,70,193.26,0.7057,-88.74000000000001,10749.980000000001,220.89000000000124,Overstock,"No Promotion"
2022-01-03,S001,P0003,Toys,South,Winter,183,176,124,168.28,0.9617,-14.719999999999999,4123.152000000001,-1047.7279999999992,"Healthy Stock","No Promotion"
2022-01-03,S001,P0004,Electronics,East,Winter,239,214,51,228.51,0.8954,-10.490000000000009,2180.66,507.17999999999984,Overstock,"Low Promotion Impact"
2022-01-03,S001,P0005,Groceries,West,Spring,368,165,56,170.76,0.4484,-197.24,15764.1,701.25,Overstock,"No Promotion"
2022-01-03,S001,P0006,Furniture,South,Summer,57,9,40,13.6,0.1579,-43.4,492.90749999999997,-29.18250000000006,"Healthy Stock","No Promotion"
2022-01-03,S001,P0007,Clothing,South,Winter,460,140,70,143.7,0.3043,-316.3,9839.2,-3026.7999999999993,Overstock,"No Promotion"
2022-01-03,S001,P0008,Groceries,West,Autumn,214,177,150,178,0.8271,-36,9070.010999999999,-40.179000000001906,Overstock,"No Promotion"
2022-01-03,S001,P0009,Groceries,South,Winter,407,217,55,217.69,0.5332,-189.31,10662.512000000002,-3629.1079999999965,Overstock,"No Promotion"
2022-01-03,S001,P0010,Electronics,West,Autumn,51,47,155,38.08,0.9216,-12.920000000000002,4193.622,-631.3979999999992,"Healthy Stock","No Promotion"
2022-01-03,S001,P0011,Groceries,East,Autumn,252,3,98,5.18,0.0119,-246.82,181.56,-6.599999999999994,Overstock,"No Promotion"
2022-01-03,S001,P0012,Clothing,East,Summer,72,2,62,9.81,0.0278,-62.19,147.781,-18.438999999999993,"Healthy Stock","No Promotion"
2022-01-03,S001,P0013,Clothing,South,Summer,194,18,120,20.5,0.0928,-173.5,1346.382,-186.49799999999982,"Healthy Stock","Low Promotion Impact"
2022-01-03,S001,P0014,Toys,South,Winter,302,242,145,255.54,0.8013,-46.46000000000001,7030.584000000001,-253.61599999999999,Overstock,"Low Promotion Impact"
2022-01-03,S001,P0015,Toys,North,Summer,330,228,157,246.91,0.6909,-83.09,10705.284,-1248.7559999999994,Overstock,"Low Promotion Impact"
2022-01-03,S001,P0016,Clothing,East,Spring,148,31,160,35.11,0.2095,-112.89,2466.6234999999997,-452.0265000000004,"Healthy Stock","Low Promotion Impact"
2022-01-03,S001,P0017,Clothing,North,Spring,315,16,197,33.51,0.0508,-281.49,1493.3999999999999,-112.04000000000019,Overstock,"No Promotion"
2022-01-03,S001,P0018,Furniture,East,Autumn,97,20,147,37.26,0.2062,-59.74,1492.07,-17.5300000000002,"Healthy Stock","No Promotion"
2022-01-03,S001,P0019,Furniture,South,Spring,240,193,171,203.45,0.8042,-36.55000000000001,10983.63,523.0299999999988,Overstock,"Low Promotion Impact"
2022-01-03,S001,P0020,Toys,North,Summer,178,118,162,110.02,0.6629,-67.98,3334.2080000000005,-1097.8719999999994,"Healthy Stock","High Promotion Impact"
2022-01-03,S002,P0001,Toys,North,Autumn,405,96,171,100.82,0.2370,-304.18,4615.68,-126.71999999999935,Overstock,"Low Promotion Impact"
2022-01-03,S002,P0002,Electronics,North,Summer,200,48,47,55.45,0.2400,-144.55,1915.5600000000002,-171.4799999999998,"Healthy Stock","Low Promotion Impact"
2022-01-03,S002,P0003,Furniture,West,Winter,327,130,166,127.03,0.3976,-199.97,9822.800000000001,-3081,Overstock,"High Promotion Impact"
2022-01-03,S002,P0004,Groceries,North,Autumn,409,11,48,8.25,0.0269,-400.75,270.07200000000006,-44.63799999999992,Overstock,"High Promotion Impact"
2022-01-03,S002,P0005,Groceries,West,Winter,327,313,194,326.56,0.9572,-0.4399999999999977,9308.619999999999,-604.090000000002,Overstock,"Low Promotion Impact"
2022-01-03,S002,P0006,Furniture,North,Summer,388,352,199,365.82,0.9072,-22.180000000000007,9242.816,-328.0640000000003,Overstock,"No Promotion"
2022-01-03,S002,P0007,Toys,South,Autumn,483,265,108,277.23,0.5487,-205.76999999999998,15240.945,445.9950000000008,Overstock,"No Promotion"
2022-01-03,S002,P0008,Furniture,South,Summer,70,11,137,23.62,0.1571,-46.379999999999995,579.645,-118.30500000000006,"Healthy Stock","No Promotion"
2022-01-03,S002,P0009,Groceries,South,Summer,288,191,29,207.27,0.6632,-80.72999999999999,11190.69,-456.4899999999998,Overstock,"No Promotion"
2022-01-03,S002,P0010,Electronics,West,Winter,270,185,150,192.21,0.6852,-77.78999999999999,17663.8,688.1999999999971,Overstock,"Low Promotion Impact"
2022-01-03,S002,P0011,Clothing,North,Autumn,217,143,66,154.26,0.6590,-62.74000000000001,4325.464,-985.5560000000005,Overstock,"Low Promotion Impact"
2022-01-03,S002,P0012,Electronics,West,Spring,221,85,84,104.48,0.3846,-116.52,3725.55,-637.5,Overstock,"No Promotion"
2022-01-03,S002,P0013,Groceries,West,Summer,303,270,164,268.73,0.8911,-34.26999999999998,16011.27,-1409.1299999999974,Overstock,"No Promotion"
2022-01-03,S002,P0014,Groceries,West,Spring,298,233,143,245.02,0.7819,-52.97999999999999,4746.21,-682.6900000000005,Overstock,"Low Promotion Impact"
2022-01-03,S002,P0015,Furniture,West,Spring,193,187,57,177.8,0.9689,-15.199999999999989,8648.75,-551.6499999999996,"Healthy Stock","No Promotion"
2022-01-03,S002,P0016,Electronics,South,Winter,205,39,147,37.83,0.1902,-167.17000000000002,2518.0739999999996,-452.5560000000005,Overstock,"No Promotion"
2022-01-03,S002,P0017,Toys,West,Autumn,427,234,195,231.16,0.5480,-195.84,4332.042,-872.1179999999995,Overstock,"High Promotion Impact"
2022-01-03,S002,P0018,Clothing,South,Autumn,365,213,106,208.31,0.5836,-156.69,5091.552,-388.9380000000001,Overstock,"High Promotion Impact"
2022-01-03,S002,P0019,Clothing,North,Winter,111,55,163,71.88,0.4955,-39.120000000000005,3458.565,-583.935,"Healthy Stock","Low Promotion Impact"
2022-01-03,S002,P0020,Groceries,South,Spring,271,22,178,15.3,0.0812,-255.7,891.3960000000001,-142.82399999999996,Overstock,"No Promotion"
2022-01-03,S003,P0001,Clothing,North,Autumn,134,100,185,100.66,0.7463,-33.34,7459.2,-1214.8000000000002,"Healthy Stock","Low Promotion Impact"
2022-01-03,S003,P0002,Groceries,North,Spring,405,353,74,355.08,0.8716,-49.920000000000016,6128.08,14.11999999999989,Overstock,"Low Promotion Impact"
2022-01-03,S003,P0003,Electronics,West,Autumn,290,255,118,246.78,0.8793,-43.22,8710.800000000001,-1586.1000000000004,Overstock,"No Promotion"
2022-01-03,S003,P0004,Clothing,South,Autumn,403,154,189,166.81,0.3821,-236.19,11737.803,-1966.6569999999992,Overstock,"No Promotion"
2022-01-03,S003,P0005,Clothing,East,Spring,311,147,29,154.97,0.4727,-156.03,9668.189999999999,692.369999999999,Overstock,"Low Promotion Impact"
2022-01-03,S003,P0006,Electronics,North,Summer,448,342,112,357.52,0.7634,-90.48000000000002,29468.771999999997,-2778.4080000000067,Overstock,"No Promotion"
2022-01-03,S003,P0007,Furniture,West,Summer,277,54,126,48.62,0.1949,-228.38,5340.6,69.11999999999989,Overstock,"No Promotion"
2022-01-03,S003,P0008,Toys,East,Summer,421,289,112,292.21,0.6865,-128.79000000000002,10098.671499999999,-565.4285000000018,Overstock,"No Promotion"
2022-01-03,S003,P0009,Toys,South,Winter,241,179,135,198.59,0.7427,-42.41,7530.53,789.3900000000003,Overstock,"Low Promotion Impact"
2022-01-03,S003,P0010,Furniture,South,Autumn,186,175,75,177.8,0.9409,-8.199999999999989,16780.75,-52.5,"Healthy Stock","Low Promotion Impact"
2022-01-03,S003,P0011,Clothing,West,Spring,413,209,86,220.54,0.5061,-192.46,16702.026,-1911.5139999999992,Overstock,"No Promotion"
2022-01-03,S003,P0012,Toys,East,Summer,112,109,46,113.33,0.9732,1.3299999999999983,6209.512,-1933.8779999999997,"Healthy Stock","Low Promotion Impact"
2022-01-03,S003,P0013,Groceries,South,Spring,268,43,78,49.77,0.1604,-218.23,2116.89,63.63999999999987,Overstock,"Low Promotion Impact"
2022-01-03,S003,P0014,Toys,South,Autumn,347,58,38,49.31,0.1671,-297.69,1141.614,-308.38599999999997,Overstock,"High Promotion Impact"
2022-01-03,S003,P0015,Electronics,South,Spring,495,399,86,390.1,0.8061,-104.89999999999998,24271.17,195.5099999999984,Overstock,"High Promotion Impact"
2022-01-03,S003,P0016,Clothing,West,Winter,324,95,145,111.3,0.2932,-212.7,4315.280000000001,-1455.9699999999993,Overstock,"No Promotion"
2022-01-03,S003,P0017,Clothing,West,Spring,330,296,138,297.58,0.8970,-32.420000000000016,21404.944,-1549.8559999999998,Overstock,"No Promotion"
2022-01-03,S003,P0018,Electronics,East,Winter,297,105,66,104.66,0.3535,-192.34,9346.050000000001,-791.6999999999989,Overstock,"No Promotion"
2022-01-03,S003,P0019,Clothing,East,Autumn,169,103,47,107.67,0.6095,-61.33,4524.584,-402.9360000000006,"Healthy Stock","No Promotion"
2022-01-03,S003,P0020,Toys,South,Autumn,257,131,103,123.65,0.5097,-133.35,1820.5725000000002,-745.7174999999997,Overstock,"No Promotion"
2022-01-03,S004,P0001,Groceries,East,Summer,175,66,140,56.84,0.3771,-118.16,4691.643,-581.7570000000005,"Healthy Stock","No Promotion"
2022-01-03,S004,P0002,Groceries,West,Winter,228,163,161,161.48,0.7149,-66.52000000000001,13295.909999999998,637.3299999999981,Overstock,"High Promotion Impact"
2022-01-03,S004,P0003,Clothing,South,Spring,188,98,176,98.87,0.5213,-89.13,3940.7760000000003,-229.12399999999934,"Healthy Stock","No Promotion"
2022-01-03,S004,P0004,Groceries,East,Summer,211,150,20,167.75,0.7109,-43.25,9016.5,-328.5,Overstock,"Low Promotion Impact"
2022-01-03,S004,P0005,Furniture,North,Winter,149,15,60,21.91,0.1007,-127.09,295.56,-123.98999999999995,"Healthy Stock","No Promotion"
2022-01-03,S004,P0006,Electronics,North,Autumn,383,36,75,26.89,0.0940,-356.11,1241.802,-11.718000000000075,Overstock,"High Promotion Impact"
2022-01-03,S004,P0007,Electronics,East,Autumn,478,303,153,307.7,0.6339,-170.3,2925.768,-1813.152,Overstock,"Low Promotion Impact"
2022-01-03,S004,P0008,Electronics,East,Winter,217,209,35,215.04,0.9631,-1.960000000000008,11869.11,-1751.42,Overstock,"Low Promotion Impact"
2022-01-03,S004,P0009,Electronics,West,Winter,73,69,65,68.51,0.9452,-4.489999999999995,1701.2640000000001,-731.6759999999999,"Healthy Stock","No Promotion"
2022-01-03,S004,P0010,Electronics,West,Winter,467,143,183,139.44,0.3062,-327.56,3393.39,270.27,Overstock,"No Promotion"
2022-01-03,S004,P0011,Clothing,West,Winter,353,239,44,255.26,0.6771,-97.74000000000001,6695.7045,-875.8154999999997,Overstock,"No Promotion"
2022-01-03,S004,P0012,Groceries,North,Autumn,471,192,115,188.72,0.4076,-282.28,12145.344,-2371.776,Overstock,"High Promotion Impact"
2022-01-03,S004,P0013,Clothing,South,Autumn,129,23,92,38.86,0.1783,-90.14,1072.72,-287.03999999999996,"Healthy Stock","Low Promotion Impact"
2022-01-03,S004,P0014,Groceries,East,Winter,301,165,34,160.46,0.5482,-140.54,9995.699999999999,422.3999999999978,Overstock,"High Promotion Impact"
2022-01-03,S004,P0015,Groceries,South,Spring,423,85,73,95.5,0.2009,-327.5,6245.8,-299.1999999999998,Overstock,"No Promotion"
2022-01-03,S004,P0016,Groceries,East,Spring,385,79,130,86.62,0.2052,-298.38,1150.3980000000001,-299.25199999999995,Overstock,"No Promotion"
2022-01-03,S004,P0017,Toys,North,Spring,74,33,29,43.64,0.4459,-30.36,1080.486,-225.32399999999984,"Healthy Stock","No Promotion"
2022-01-03,S004,P0018,Electronics,South,Winter,467,270,108,270.37,0.5782,-196.63,12671.1,27,Overstock,"No Promotion"
2022-01-03,S004,P0019,Toys,North,Winter,140,1,47,-3.91,0.0071,-143.91,80.41,3.509999999999991,"Healthy Stock","No Promotion"
2022-01-03,S004,P0020,Clothing,East,Winter,197,149,134,161.2,0.7563,-35.80000000000001,11363.336000000001,-3152.243999999999,"Healthy Stock","No Promotion"
2022-01-03,S005,P0001,Groceries,North,Winter,159,3,145,18.12,0.0189,-140.88,108.89999999999999,4.019999999999996,"Healthy Stock","No Promotion"
2022-01-03,S005,P0002,Electronics,North,Spring,322,59,111,78.35,0.1832,-243.65,4358.448,-605.2219999999998,Overstock,"Low Promotion Impact"
2022-01-03,S005,P0003,Groceries,East,Summer,106,15,101,25.13,0.1415,-80.87,556.8000000000001,-184.5,"Healthy Stock","No Promotion"
2022-01-03,S005,P0004,Groceries,South,Spring,475,351,132,358.12,0.7389,-116.88,19926.971999999998,-129.16800000000148,Overstock,"No Promotion"
2022-01-03,S005,P0005,Groceries,North,Winter,83,66,57,63.37,0.7952,-19.630000000000003,3186.48,-826.98,"Healthy Stock","High Promotion Impact"
2022-01-03,S005,P0006,Groceries,West,Autumn,117,62,58,59.04,0.5299,-57.96,2266.038,-484.90200000000004,"Healthy Stock","High Promotion Impact"
2022-01-03,S005,P0007,Clothing,West,Winter,368,77,44,95.69,0.2092,-272.31,4653.0715,-260.2984999999999,Overstock,"Low Promotion Impact"
2022-01-03,S005,P0008,Electronics,South,Summer,207,177,154,173.93,0.8551,-33.06999999999999,16325.6835,-519.406500000001,Overstock,"High Promotion Impact"
2022-01-03,S005,P0009,Electronics,West,Winter,398,349,98,350.47,0.8769,-47.52999999999997,16559.352,-2893.908000000003,Overstock,"No Promotion"
2022-01-03,S005,P0010,Groceries,North,Spring,476,74,25,91.48,0.1555,-384.52,853.072,20.572000000000003,Overstock,"Low Promotion Impact"
2022-01-03,S005,P0011,Groceries,North,Winter,119,40,151,43.92,0.3361,-75.08,2965.6,178.79999999999973,"Healthy Stock","Low Promotion Impact"
2022-01-03,S005,P0012,Toys,North,Winter,77,72,27,68.01,0.9351,-8.989999999999995,2703.744,-650.0159999999996,"Healthy Stock","High Promotion Impact"
2022-01-03,S005,P0013,Toys,South,Autumn,191,190,126,205.54,0.9948,14.539999999999992,4158.719999999999,486.0199999999995,"Healthy Stock","No Promotion"
2022-01-03,S005,P0014,Toys,North,Autumn,419,263,189,263.83,0.6277,-155.17000000000002,7000.797,762.4369999999999,Overstock,"Low Promotion Impact"
2022-01-03,S005,P0015,Toys,South,Autumn,184,126,175,143.76,0.6848,-40.24000000000001,8751.456,-1991.304,"Healthy Stock","No Promotion"
2022-01-03,S005,P0016,Clothing,North,Spring,361,17,171,25.61,0.0471,-335.39,1297.0065,-4.513500000000022,Overstock,"Low Promotion Impact"
2022-01-03,S005,P0017,Toys,East,Spring,154,19,116,37.45,0.1234,-116.55,705.888,-65.322,"Healthy Stock","No Promotion"
2022-01-03,S005,P0018,Toys,North,Winter,376,36,53,43.47,0.0957,-332.53,1383.1200000000001,87.84000000000015,Overstock,"Low Promotion Impact"
2022-01-03,S005,P0019,Toys,North,Autumn,268,207,177,198.44,0.7724,-69.56,9924.408000000001,-3462.2819999999992,Overstock,"No Promotion"
2022-01-03,S005,P0020,Toys,South,Summer,451,91,193,99.88,0.2018,-351.12,5771.402,81.17199999999957,Overstock,"No Promotion"
2022-01-04,S001,P0001,Groceries,South,Winter,85,58,193,52.87,0.6824,-32.13,3839.484,-567.9360000000001,"Healthy Stock","High Promotion Impact"
2022-01-04,S001,P0002,Electronics,North,Autumn,91,91,142,82.65,1.0000,-8.349999999999994,6823.816999999999,-1133.2230000000009,"Healthy Stock","High Promotion Impact"
2022-01-04,S001,P0003,Toys,South,Winter,184,70,191,82.51,0.3804,-101.49,627.725,95.72500000000002,"Healthy Stock","No Promotion"
2022-01-04,S001,P0004,Electronics,North,Winter,209,0,123,15.37,0.0000,-193.63,0,0,Overstock,"Low Promotion Impact"
2022-01-04,S001,P0005,Electronics,East,Spring,470,32,192,45.57,0.0681,-424.43,2005.9200000000003,-346.0799999999997,Overstock,"No Promotion"
2022-01-04,S001,P0006,Clothing,South,Spring,127,8,84,0.54,0.0630,-126.46,341.44000000000005,-99.11999999999995,"Healthy Stock","No Promotion"
2022-01-04,S001,P0007,Groceries,North,Spring,367,341,39,336.71,0.9292,-30.29000000000002,10842.6065,970.656500000001,Overstock,"No Promotion"
2022-01-04,S001,P0008,Electronics,East,Winter,404,347,183,350.96,0.8589,-53.04000000000002,16961.36,-3324.2599999999984,Overstock,"No Promotion"
2022-01-04,S001,P0009,Groceries,North,Summer,403,15,187,26.72,0.0372,-376.28,610.875,-90.22500000000002,Overstock,"No Promotion"
2022-01-04,S001,P0010,Toys,East,Autumn,494,85,122,92.86,0.1721,-401.14,6458.64,-1945.3100000000004,Overstock,"No Promotion"
2022-01-04,S001,P0011,Toys,South,Spring,421,30,33,49.2,0.0713,-371.8,726.3000000000001,-38.09999999999991,Overstock,"No Promotion"
2022-01-04,S001,P0012,Electronics,West,Winter,150,136,129,140.64,0.9067,-9.360000000000014,8536.243999999999,-1097.996000000001,"Healthy Stock","No Promotion"
2022-01-04,S001,P0013,Toys,North,Winter,94,31,174,46.7,0.3298,-47.3,967.572,-78.05799999999988,"Healthy Stock","No Promotion"
2022-01-04,S001,P0014,Clothing,East,Spring,77,7,76,22.66,0.0909,-54.34,584.766,-82.894,"Healthy Stock","Low Promotion Impact"
2022-01-04,S001,P0015,Electronics,West,Spring,430,377,118,371.89,0.8767,-58.110000000000014,29600.531999999996,-3824.288000000004,Overstock,"High Promotion Impact"
2022-01-04,S001,P0016,Groceries,North,Summer,168,28,32,33.2,0.1667,-134.8,2353.6800000000003,-256.47999999999956,"Healthy Stock","No Promotion"
2022-01-04,S001,P0017,Toys,West,Autumn,353,348,36,349.59,0.9858,-3.410000000000025,18450.960000000003,-1412.8799999999974,Overstock,"Low Promotion Impact"
2022-01-04,S001,P0018,Groceries,South,Summer,380,258,66,258.58,0.6789,-121.42000000000002,14348.153999999999,-1330.506000000003,Overstock,"Low Promotion Impact"
2022-01-04,S001,P0019,Toys,West,Autumn,127,41,191,50.38,0.3228,-76.62,2205.6565,-325.2734999999998,"Healthy Stock","Low Promotion Impact"
2022-01-04,S001,P0020,Electronics,North,Winter,153,49,139,44.55,0.3203,-108.45,535.5699999999999,8.329999999999927,"Healthy Stock","High Promotion Impact"
2022-01-04,S002,P0001,Clothing,North,Spring,108,83,25,85.5,0.7685,-22.5,3586.8865,-92.5034999999998,"Healthy Stock","Low Promotion Impact"
2022-01-04,S002,P0002,Furniture,West,Summer,109,60,172,71.47,0.5505,-37.53,2825.8199999999997,-280.9800000000005,"Healthy Stock","Low Promotion Impact"
2022-01-04,S002,P0003,Toys,North,Winter,493,448,113,459.44,0.9087,-33.56,15822.239999999998,-3898.720000000005,Overstock,"No Promotion"
2022-01-04,S002,P0004,Toys,East,Summer,289,11,21,26.96,0.0381,-262.04,639.4300000000001,-38.5,Overstock,"Low Promotion Impact"
2022-01-04,S002,P0005,Groceries,East,Spring,425,390,175,407.4,0.9176,-17.600000000000023,9010.170000000002,-174.3299999999981,Overstock,"No Promotion"
2022-01-04,S002,P0006,Clothing,West,Summer,118,81,139,88.67,0.6864,-29.33,2750.76,383.9400000000005,"Healthy Stock","No Promotion"
2022-01-04,S002,P0007,Electronics,North,Spring,449,121,118,132.54,0.2695,-316.46000000000004,7874.679999999999,-2069.1000000000013,Overstock,"No Promotion"
2022-01-04,S002,P0008,Groceries,West,Spring,184,44,152,52.26,0.2391,-131.74,2018.3680000000002,-489.1919999999998,"Healthy Stock","No Promotion"
2022-01-04,S002,P0009,Toys,East,Winter,239,88,31,104.13,0.3682,-134.87,3766.9280000000003,-436.8319999999999,Overstock,"No Promotion"
2022-01-04,S002,P0010,Groceries,West,Autumn,216,142,172,138.75,0.6574,-77.25,6196.738,-1378.9619999999995,Overstock,"High Promotion Impact"
2022-01-04,S002,P0011,Toys,North,Summer,291,48,69,48.65,0.1649,-242.35,502.65599999999995,-72.38400000000001,Overstock,"Low Promotion Impact"
2022-01-04,S002,P0012,Electronics,North,Winter,74,61,87,67.72,0.8243,-6.280000000000001,5785.849999999999,56.72999999999956,"Healthy Stock","No Promotion"
2022-01-04,S002,P0013,Electronics,East,Summer,429,140,180,151.22,0.3263,-277.78,2190.5099999999998,-255.28999999999996,Overstock,"No Promotion"
2022-01-04,S002,P0014,Toys,West,Summer,467,390,188,408.18,0.8351,-58.81999999999999,27232.725000000002,-3822.974999999995,Overstock,"Low Promotion Impact"
2022-01-04,S002,P0015,Toys,North,Summer,121,91,197,93.99,0.7521,-27.010000000000005,5284.688499999999,-408.27150000000074,"Healthy Stock","No Promotion"
2022-01-04,S002,P0016,Groceries,East,Winter,134,32,107,32.03,0.2388,-101.97,1835.712,-142.84799999999996,"Healthy Stock","No Promotion"
2022-01-04,S002,P0017,Electronics,East,Winter,152,60,92,54.96,0.3947,-97.03999999999999,3606.1200000000003,-467.27999999999975,"Healthy Stock","High Promotion Impact"
2022-01-04,S002,P0018,Clothing,South,Winter,236,206,63,220.44,0.8729,-15.560000000000002,5274.012,-471.32800000000043,Overstock,"Low Promotion Impact"
2022-01-04,S002,P0019,Groceries,West,Summer,253,108,36,107.84,0.4269,-145.16,3038.472,-581.6880000000001,Overstock,"High Promotion Impact"
2022-01-04,S002,P0020,Furniture,East,Winter,403,349,42,340.49,0.8660,-62.50999999999999,7493.03,1483.25,Overstock,"No Promotion"
2022-01-04,S003,P0001,Furniture,South,Summer,335,271,147,276.13,0.8090,-58.870000000000005,17562.968000000004,-5100.761999999995,Overstock,"No Promotion"
2022-01-04,S003,P0002,Electronics,South,Spring,293,202,130,215.12,0.6894,-77.88,11508.243,-967.277,Overstock,"Low Promotion Impact"
2022-01-04,S003,P0003,Toys,North,Summer,169,34,91,24.17,0.2012,-144.82999999999998,822.2220000000001,-215.7979999999999,"Healthy Stock","No Promotion"
2022-01-04,S003,P0004,Clothing,West,Summer,294,165,43,164.1,0.5612,-129.9,14719.320000000002,-1399.5299999999988,Overstock,"No Promotion"
2022-01-04,S003,P0005,Groceries,North,Summer,69,2,161,21.27,0.0290,-47.730000000000004,46.150999999999996,-4.849000000000004,"Healthy Stock","No Promotion"
2022-01-04,S003,P0006,Electronics,East,Autumn,328,308,113,323.67,0.9390,-4.329999999999984,5691.84,221.7599999999993,Overstock,"Low Promotion Impact"
2022-01-04,S003,P0007,Toys,North,Spring,173,76,157,75.54,0.4393,-97.46,3743.5319999999997,-232.78800000000047,"Healthy Stock","High Promotion Impact"
2022-01-04,S003,P0008,Toys,East,Summer,108,91,129,95.55,0.8426,-12.450000000000003,5153.2845,-111.06550000000061,"Healthy Stock","Low Promotion Impact"
2022-01-04,S003,P0009,Furniture,West,Spring,494,113,84,121.8,0.2287,-372.2,1323.4560000000001,-122.94399999999996,Overstock,"Low Promotion Impact"
2022-01-04,S003,P0010,Electronics,East,Winter,366,274,102,268.6,0.7486,-97.39999999999998,14819.426999999998,-2431.613000000003,Overstock,"High Promotion Impact"
2022-01-04,S003,P0011,Toys,East,Autumn,441,116,52,128.01,0.2630,-312.99,10021.356,-1089.1239999999998,Overstock,"No Promotion"
2022-01-04,S003,P0012,Electronics,North,Summer,181,5,37,18.13,0.0276,-162.87,358.19749999999993,-16.952500000000043,"Healthy Stock","Low Promotion Impact"
2022-01-04,S003,P0013,Furniture,East,Autumn,330,115,116,111.27,0.3485,-218.73000000000002,2364.5725,-858.8775,Overstock,"High Promotion Impact"
2022-01-04,S003,P0014,Clothing,East,Spring,228,79,158,75.88,0.3465,-152.12,6741.07,212.5099999999993,Overstock,"High Promotion Impact"
2022-01-04,S003,P0015,Electronics,East,Winter,344,223,53,235.42,0.6483,-108.58000000000001,2953.189,-1451.0610000000001,Overstock,"No Promotion"
2022-01-04,S003,P0016,Furniture,West,Summer,336,258,175,260.26,0.7679,-75.74000000000001,4558.086,-769.6139999999996,Overstock,"Low Promotion Impact"
2022-01-04,S003,P0017,Toys,West,Winter,355,236,26,248.1,0.6648,-106.9,12699.16,965.2399999999998,Overstock,"No Promotion"
2022-01-04,S003,P0018,Toys,North,Autumn,431,309,165,323.61,0.7169,-107.38999999999999,9267.528,-3296.4119999999984,Overstock,"No Promotion"
2022-01-04,S003,P0019,Groceries,North,Summer,172,32,160,26.96,0.1860,-145.04,1222.4,-7.039999999999964,"Healthy Stock","No Promotion"
2022-01-04,S003,P0020,Clothing,South,Winter,145,44,122,43.44,0.3034,-101.56,3146.4619999999995,-551.7380000000003,"Healthy Stock","High Promotion Impact"
2022-01-04,S004,P0001,Furniture,South,Summer,487,145,149,154.43,0.2977,-332.57,2513.0675,-556.5825,Overstock,"No Promotion"
2022-01-04,S004,P0002,Groceries,North,Summer,216,150,162,141.65,0.6944,-74.35,8455.199999999999,-1507.800000000001,Overstock,"High Promotion Impact"
2022-01-04,S004,P0003,Toys,West,Spring,236,40,104,36.09,0.1695,-199.91,2018.94,72.54000000000019,Overstock,"High Promotion Impact"
2022-01-04,S004,P0004,Toys,West,Winter,260,245,199,256.94,0.9423,-3.0600000000000023,18081,-1835.050000000003,Overstock,"Low Promotion Impact"
2022-01-04,S004,P0005,Furniture,North,Autumn,435,241,160,255.72,0.5540,-179.28,15476.4175,-2760.0525000000016,Overstock,"No Promotion"
2022-01-04,S004,P0006,Groceries,South,Autumn,499,138,175,128.04,0.2766,-370.96000000000004,6935.88,380.8800000000001,Overstock,"High Promotion Impact"
2022-01-04,S004,P0007,Clothing,East,Autumn,180,152,102,157.24,0.8444,-22.75999999999999,8170.151999999999,179.5119999999988,"Healthy Stock","Low Promotion Impact"
2022-01-04,S004,P0008,Furniture,West,Winter,128,12,85,16.36,0.0938,-111.64,401.43600000000004,12.516000000000076,"Healthy Stock","Low Promotion Impact"
2022-01-04,S004,P0009,Furniture,South,Winter,291,158,35,158.23,0.5430,-132.77,10459.6,-2788.699999999999,Overstock,"Low Promotion Impact"
2022-01-04,S004,P0010,Clothing,North,Spring,444,265,187,264.83,0.5968,-179.17000000000002,5611.905000000001,-896.494999999999,Overstock,"High Promotion Impact"
2022-01-04,S004,P0011,Clothing,East,Spring,281,240,182,243.7,0.8541,-37.30000000000001,12836.4,-1741.2000000000007,Overstock,"No Promotion"
2022-01-04,S004,P0012,Toys,North,Spring,189,153,155,145.17,0.8095,-43.83000000000001,13675.9815,-216.41849999999977,"Healthy Stock","No Promotion"
2022-01-04,S004,P0013,Groceries,West,Spring,80,68,48,81.02,0.8500,1.019999999999996,1334.432,-277.1679999999999,"Healthy Stock","Low Promotion Impact"
2022-01-04,S004,P0014,Furniture,West,Autumn,314,302,42,300.24,0.9618,-13.759999999999991,16991.728,-4818.7119999999995,Overstock,"No Promotion"
2022-01-04,S004,P0015,Clothing,West,Spring,167,70,42,69.66,0.4192,-97.34,5298.72,-99.68000000000029,"Healthy Stock","High Promotion Impact"
2022-01-04,S004,P0016,Groceries,West,Autumn,129,92,73,89.92,0.7132,-39.08,2363.48,-136.1600000000003,"Healthy Stock","No Promotion"
2022-01-04,S004,P0017,Clothing,East,Summer,425,275,160,266.14,0.6471,-158.86,6541.7,-1587.3000000000002,Overstock,"High Promotion Impact"
2022-01-04,S004,P0018,Groceries,East,Winter,103,3,34,20.62,0.0291,-82.38,142.851,-37.028999999999996,"Healthy Stock","No Promotion"
2022-01-04,S004,P0019,Groceries,West,Winter,471,307,143,319.56,0.6518,-151.44,9154.893499999998,0.15349999999853026,Overstock,"Low Promotion Impact"
2022-01-04,S004,P0020,Groceries,South,Spring,364,62,27,68.97,0.1703,-295.03,4577.522,-952.2579999999998,Overstock,"No Promotion"
2022-01-04,S005,P0001,Furniture,North,Winter,383,195,175,214.04,0.5091,-168.96,3386.76,-1316.6400000000003,Overstock,"No Promotion"
2022-01-04,S005,P0002,Furniture,West,Winter,495,33,75,36.13,0.0667,-458.87,1271.556,-45.144000000000005,Overstock,"Low Promotion Impact"
2022-01-04,S005,P0003,Toys,South,Winter,439,263,107,266.77,0.5991,-172.23000000000002,7295.619999999999,-767.960000000001,Overstock,"No Promotion"
2022-01-04,S005,P0004,Toys,West,Summer,101,83,94,97.81,0.8218,-3.1899999999999977,5456.752,-1052.938,"Healthy Stock","Low Promotion Impact"
2022-01-04,S005,P0005,Toys,South,Autumn,292,78,25,85.65,0.2671,-206.35,3039.855,-379.6650000000004,Overstock,"Low Promotion Impact"
2022-01-04,S005,P0006,Clothing,West,Summer,466,118,75,133.87,0.2532,-332.13,4468.896,45.07599999999911,Overstock,"No Promotion"
2022-01-04,S005,P0007,Clothing,North,Spring,175,147,130,141.44,0.8400,-33.56,6776.406,-1193.9340000000002,"Healthy Stock","High Promotion Impact"
2022-01-04,S005,P0008,Furniture,South,Summer,327,216,124,233.51,0.6606,-93.49000000000001,10718.784,-3133.2959999999985,Overstock,"No Promotion"
2022-01-04,S005,P0009,Groceries,West,Spring,194,27,43,26.91,0.1392,-167.09,838.3635,-123.64650000000006,"Healthy Stock","High Promotion Impact"
2022-01-04,S005,P0010,Electronics,North,Winter,349,172,189,171.35,0.4928,-177.65,13833.443999999998,106.12399999999798,Overstock,"High Promotion Impact"
2022-01-04,S005,P0011,Toys,West,Autumn,237,78,192,77.14,0.3291,-159.86,3053.7,312,Overstock,"High Promotion Impact"
2022-01-04,S005,P0012,Clothing,South,Summer,220,196,82,187.61,0.8909,-32.389999999999986,7605.289999999999,-1810.550000000001,Overstock,"High Promotion Impact"
2022-01-04,S005,P0013,Groceries,North,Summer,86,75,153,72.27,0.8721,-13.730000000000004,2567.2125000000005,-557.287499999999,"Healthy Stock","High Promotion Impact"
2022-01-04,S005,P0014,Toys,West,Spring,334,11,179,8.45,0.0329,-325.55,775.9565,-190.3934999999999,Overstock,"High Promotion Impact"
2022-01-04,S005,P0015,Clothing,West,Summer,186,144,197,150.43,0.7742,-35.56999999999999,6929.280000000001,-1984.3199999999997,"Healthy Stock","Low Promotion Impact"
2022-01-04,S005,P0016,Electronics,North,Winter,288,200,180,216.05,0.6944,-71.94999999999999,2734.2000000000003,308.2000000000003,Overstock,"No Promotion"
2022-01-04,S005,P0017,Toys,North,Autumn,460,256,107,252.35,0.5565,-207.65,7671.808000000001,-799.232,Overstock,"High Promotion Impact"
2022-01-04,S005,P0018,Groceries,East,Spring,482,118,168,137.7,0.2448,-344.3,3657.528,-296.65200000000004,Overstock,"No Promotion"
2022-01-04,S005,P0019,Toys,North,Autumn,278,244,24,259.18,0.8777,-18.819999999999993,16590.048,-4201.191999999999,Overstock,"No Promotion"
2022-01-04,S005,P0020,Furniture,West,Autumn,128,54,139,62.09,0.4219,-65.91,3967.218,-262.0619999999999,"Healthy Stock","No Promotion"
